guid,epid,note
HOL:2ABS0004,83356628,
HOL:2ABS0004,83363327,
HOL:2ABS0005,109876604,w/ Harness
HOL:2ABS0005,109882364,w/ Harness
HOL:2ABS0005,109904902,w/ Harness
HOL:2ABS0005,109905071,w/ Harness
HOL:2ABS0005,109907532,w/ Harness
HOL:2ABS0005,109909255,w/ Harness
HOL:2ABS0005,109909749,w/ Harness
HOL:2ABS0005,109911182,w/ Harness
HOL:2ABS0005,109911329,w/ Harness
HOL:2ABS0005,109912805,w/ Harness
HOL:2ABS0005,109916649,w/ Harness
HOL:2ABS0005,109930556,w/ Harness
HOL:2ABS0005,109931576,w/ Harness
HOL:2ABS0005,109946543,w/ Harness
HOL:2ABS0005,109947733,w/ Harness
HOL:2ABS0005,109947990,w/ Harness
HOL:2ABS0005,109948950,w/ Harness
HOL:2ABS0005,109951423,w/ Harness
HOL:2ABS0005,109952260,w/ Harness
HOL:2ABS0005,109953513,w/ Harness
HOL:2ABS0005,109953973,w/ Harness
HOL:2ABS0005,109956478,w/ Harness
HOL:2ABS0005,109956993,w/ Harness
HOL:2ABS0005,109957003,w/ Harness
HOL:2ABS0005,109957010,w/ Harness
HOL:2ABS0005,109958128,To VIN 1H-X-245 000
HOL:2ABS0005,109958973,w/ Harness
HOL:2ABS0005,109960433,w/ Harness
HOL:2ABS0005,109961547,w/ Harness
HOL:2ABS0005,109962017,To VIN 1H-X-245 000
HOL:2ABS0005,109962328,w/ Harness
HOL:2ABS0005,109963067,w/ Harness
HOL:2ABS0005,109963677,w/ Harness
HOL:2ABS0005,109965107,w/ Harness
HOL:2ABS0005,109965838,w/ Harness
HOL:2ABS0005,109968098,To VIN 1H-X-245 000
HOL:2ABS0005,109969057,w/ Harness
HOL:2ABS0005,109972328,w/ Harness
HOL:2ABS0005,114826394,w/ Harness
HOL:2ABS0005,153432851,w/ Harness
HOL:2ABS0005,153445584,w/ Harness
HOL:2ABS0005,153457442,w/ Harness
HOL:2ABS0005,153462082,w/ Harness
HOL:2ABS0005,153465676,w/ Harness
HOL:2ABS0005,153469215,w/ Harness
HOL:2ABS0005,153492087,w/ Harness
HOL:2ABS0005,153514863,w/ Harness
HOL:2ABS0005,153521958,w/ Harness
